{"cameraMode":{"drawMode":0,"name":"Shaded","section":"Shading Mode"},"sceneLighting":true,"audioPlay":false,"sceneViewState":{"showFog":true,"showMaterialUpdate":false,"showSkybox":true,"showFlares":true,"showImageEffects":true,"showParticleSystems":true},"in2DMode":false,"pivot":{"x":-0.7865190505981445,"y":1.476822853088379,"z":3.078105926513672},"rotation":{"x":-0.06449614465236664,"y":0.9283125400543213,"z":-0.1920473724603653,"w":-0.3117596507072449},"size":6.180178165435791,"orthographic":true}