{"cameraMode":{"drawMode":0,"name":"Shaded","section":"Shading Mode"},"sceneLighting":true,"audioPlay":false,"sceneViewState":{"showFog":true,"showMaterialUpdate":false,"showSkybox":true,"showFlares":true,"showImageEffects":true,"showParticleSystems":true},"in2DMode":false,"pivot":{"x":5.036444664001465,"y":-2.384185791015625e-7,"z":4.9662909507751469},"rotation":{"x":-0.06674126535654068,"y":0.9158462882041931,"z":-0.1712108850479126,"w":-0.35701432824134829},"size":8.872984886169434,"orthographic":false}